"","iter","swarm","algorithm","loglikelihood"
"1",100,10,"DE",-20474.2528967821
"1.1",100,10,"DE",-20760.1234904237
"1.2",100,10,"DE",-20419.5530268776
"1.3",100,10,"DE",-19680.1485342306
"1.4",100,10,"DE",-20084.4853183226
"1.5",100,10,"DE",-20720.2533428417
"1.6",100,10,"DE",-20601.0403194677
"1.7",100,10,"DE",-20282.3769913565
"1.8",100,10,"DE",-20770.8222150611
"1.9",100,10,"DE",-20206.900952264
"2",250,10,"DE",-19032.2901078307
"2.1",250,10,"DE",-19130.8832179898
"2.2",250,10,"DE",-18651.2666822863
"2.3",250,10,"DE",-18651.6428641833
"2.4",250,10,"DE",-18742.8649850634
"2.5",250,10,"DE",-19136.2501688832
"2.6",250,10,"DE",-18842.7647970358
"2.7",250,10,"DE",-18940.5895612234
"2.8",250,10,"DE",-19103.0164925438
"2.9",250,10,"DE",-18697.4793912307
"3",500,10,"DE",-17845.1690611145
"3.1",500,10,"DE",-17795.1548644486
"3.2",500,10,"DE",-17862.6296358883
"3.3",500,10,"DE",-17892.7820287769
"3.4",500,10,"DE",-17773.3514846576
"3.5",500,10,"DE",-17939.5214787731
"3.6",500,10,"DE",-17703.2822092413
"3.7",500,10,"DE",-17986.5255984845
"3.8",500,10,"DE",-17984.1716978216
"3.9",500,10,"DE",-17559.6612849166
"4",750,10,"DE",-17168.3231292286
"4.1",750,10,"DE",-17231.2986129712
"4.2",750,10,"DE",-17310.835826848
"4.3",750,10,"DE",-17465.1143874945
"4.4",750,10,"DE",-17408.8166038002
"4.5",750,10,"DE",-17079.5796711246
"4.6",750,10,"DE",-17174.1764803538
"4.7",750,10,"DE",-17332.1759367931
"4.8",750,10,"DE",-17176.6558706657
"4.9",750,10,"DE",-17672.2173794427
"5",1000,10,"DE",-17232.4537526513
"5.1",1000,10,"DE",-17034.4169494883
"5.2",1000,10,"DE",-17256.0247414065
"5.3",1000,10,"DE",-17275.4581661446
"5.4",1000,10,"DE",-17144.0887829944
"5.5",1000,10,"DE",-16994.2266710288
"5.6",1000,10,"DE",-17220.6942902702
"5.7",1000,10,"DE",-17142.159920477
"5.8",1000,10,"DE",-17093.8403126417
"5.9",1000,10,"DE",-16905.5129716676
"6",2000,10,"DE",-16838.2156911372
"6.1",2000,10,"DE",-16953.1876855027
"6.2",2000,10,"DE",-16835.7778170493
"6.3",2000,10,"DE",-16955.7984442182
"6.4",2000,10,"DE",-16763.3970446093
"6.5",2000,10,"DE",-16865.3150541254
"6.6",2000,10,"DE",-16881.5578295551
"6.7",2000,10,"DE",-16819.9894996376
"6.8",2000,10,"DE",-16957.5457230063
"6.9",2000,10,"DE",-16882.736908049
"7",100,20,"DE",-21261.0151566762
"7.1",100,20,"DE",-20381.1880209234
"7.2",100,20,"DE",-21369.8383970461
"7.3",100,20,"DE",-20830.9924787113
"7.4",100,20,"DE",-20767.0444442471
"7.5",100,20,"DE",-20674.800718021
"7.6",100,20,"DE",-21096.9201554609
"7.7",100,20,"DE",-21146.4059391484
"7.8",100,20,"DE",-20703.6201733035
"7.9",100,20,"DE",-20981.8810645572
"8",250,20,"DE",-19442.4324475227
"8.1",250,20,"DE",-19243.5392479698
"8.2",250,20,"DE",-19223.1601020891
"8.3",250,20,"DE",-18986.4132026448
"8.4",250,20,"DE",-19362.0880319776
"8.5",250,20,"DE",-19417.031032166
"8.6",250,20,"DE",-19676.7582221266
"8.7",250,20,"DE",-19305.2420260876
"8.8",250,20,"DE",-19827.1245179608
"8.9",250,20,"DE",-19936.1439323995
"9",500,20,"DE",-18012.3415999719
"9.1",500,20,"DE",-17809.4281452521
"9.2",500,20,"DE",-18024.0609487805
"9.3",500,20,"DE",-18041.3359918543
"9.4",500,20,"DE",-18106.7449049291
"9.5",500,20,"DE",-17852.2044491656
"9.6",500,20,"DE",-18042.0895487384
"9.7",500,20,"DE",-17676.6920312072
"9.8",500,20,"DE",-18086.5154469038
"9.9",500,20,"DE",-18107.1451079014
"10",750,20,"DE",-17348.925173833
"10.1",750,20,"DE",-17384.4381123281
"10.2",750,20,"DE",-17235.0341658228
"10.3",750,20,"DE",-17486.513907938
"10.4",750,20,"DE",-17086.6479644736
"10.5",750,20,"DE",-17171.1325904845
"10.6",750,20,"DE",-17217.275828846
"10.7",750,20,"DE",-17059.0918032837
"10.8",750,20,"DE",-17318.4987677656
"10.9",750,20,"DE",-17346.8389720186
"11",1000,20,"DE",-16848.4320571704
"11.1",1000,20,"DE",-17225.6876009292
"11.2",1000,20,"DE",-16991.8404019652
"11.3",1000,20,"DE",-16872.0167379556
"11.4",1000,20,"DE",-16845.82404782
"11.5",1000,20,"DE",-17118.1019514933
"11.6",1000,20,"DE",-17018.5572680684
"11.7",1000,20,"DE",-17003.8637855708
"11.8",1000,20,"DE",-16927.4702673263
"11.9",1000,20,"DE",-16845.4346608164
"12",2000,20,"DE",-16795.6867537972
"12.1",2000,20,"DE",-16903.365579952
"12.2",2000,20,"DE",-16727.0729102396
"12.3",2000,20,"DE",-16832.5688665
"12.4",2000,20,"DE",-16725.8769659194
"12.5",2000,20,"DE",-16742.4686140153
"12.6",2000,20,"DE",-16734.7906274508
"12.7",2000,20,"DE",-16734.9137231535
"12.8",2000,20,"DE",-16816.1144987556
"12.9",2000,20,"DE",-16747.2603572634
"13",100,50,"DE",-21141.6005243026
"13.1",100,50,"DE",-21006.674922501
"13.2",100,50,"DE",-21546.9310626671
"13.3",100,50,"DE",-21500.9483572258
"13.4",100,50,"DE",-20852.5250760842
"13.5",100,50,"DE",-21659.6790527562
"13.6",100,50,"DE",-20794.9818036501
"13.7",100,50,"DE",-21535.0988072769
"13.8",100,50,"DE",-21336.1162382453
"13.9",100,50,"DE",-21530.7636193705
"14",250,50,"DE",-20385.6597972584
"14.1",250,50,"DE",-20621.4186487277
"14.2",250,50,"DE",-20365.8116165149
"14.3",250,50,"DE",-20557.5643007498
"14.4",250,50,"DE",-20616.0075466425
"14.5",250,50,"DE",-20331.0072169949
"14.6",250,50,"DE",-20595.4684615571
"14.7",250,50,"DE",-20401.8927718391
"14.8",250,50,"DE",-20654.7125146021
"14.9",250,50,"DE",-20545.7927573061
"15",500,50,"DE",-19459.3023843107
"15.1",500,50,"DE",-19184.9343934239
"15.2",500,50,"DE",-19430.5193912543
"15.3",500,50,"DE",-19314.492039312
"15.4",500,50,"DE",-19395.5704270156
"15.5",500,50,"DE",-19490.2636561666
"15.6",500,50,"DE",-19451.4205468891
"15.7",500,50,"DE",-19252.1654525875
"15.8",500,50,"DE",-19339.1136861625
"15.9",500,50,"DE",-19331.5004933178
"16",750,50,"DE",-18290.3663734196
"16.1",750,50,"DE",-18527.6077150689
"16.2",750,50,"DE",-18391.633765949
"16.3",750,50,"DE",-18418.8225178032
"16.4",750,50,"DE",-18281.7474486587
"16.5",750,50,"DE",-18609.2805842329
"16.6",750,50,"DE",-18088.1290876089
"16.7",750,50,"DE",-18545.1886298209
"16.8",750,50,"DE",-18493.4959576373
"16.9",750,50,"DE",-18241.9571845823
"17",1000,50,"DE",-17777.6207854512
"17.1",1000,50,"DE",-17807.9932461936
"17.2",1000,50,"DE",-17802.5880816761
"17.3",1000,50,"DE",-17716.2010299962
"17.4",1000,50,"DE",-17672.7480950168
"17.5",1000,50,"DE",-17820.1104707379
"17.6",1000,50,"DE",-17897.50867311
"17.7",1000,50,"DE",-17894.4621058262
"17.8",1000,50,"DE",-17898.8624433991
"17.9",1000,50,"DE",-17714.4865356724
"18",2000,50,"DE",-16764.583276544
"18.1",2000,50,"DE",-16809.1882130213
"18.2",2000,50,"DE",-16771.9773428858
"18.3",2000,50,"DE",-16760.2222759657
"18.4",2000,50,"DE",-16793.9452405524
"18.5",2000,50,"DE",-16832.0161772686
"18.6",2000,50,"DE",-16751.8934775466
"18.7",2000,50,"DE",-16807.2375406529
"18.8",2000,50,"DE",-16794.3820786361
"18.9",2000,50,"DE",-16821.7597391003
"19",100,75,"DE",-21098.8741666351
"19.1",100,75,"DE",-21299.6126859351
"19.2",100,75,"DE",-21516.2485303602
"19.3",100,75,"DE",-21095.7188864793
"19.4",100,75,"DE",-21427.3333523303
"19.5",100,75,"DE",-21463.0961751154
"19.6",100,75,"DE",-21483.0518515586
"19.7",100,75,"DE",-21126.2793151863
"19.8",100,75,"DE",-21214.2714009931
"19.9",100,75,"DE",-21531.0416246131
"20",250,75,"DE",-20850.6315863675
"20.1",250,75,"DE",-20967.5202138965
"20.2",250,75,"DE",-20634.7682691483
"20.3",250,75,"DE",-20646.2674674186
"20.4",250,75,"DE",-20925.9874790926
"20.5",250,75,"DE",-20800.6359837753
"20.6",250,75,"DE",-20890.729167242
"20.7",250,75,"DE",-20876.8066614667
"20.8",250,75,"DE",-20828.0754180892
"20.9",250,75,"DE",-20827.6665276128
"21",500,75,"DE",-19842.7344538478
"21.1",500,75,"DE",-19641.188723888
"21.2",500,75,"DE",-19528.8479827019
"21.3",500,75,"DE",-19999.4867439275
"21.4",500,75,"DE",-19902.9048417584
"21.5",500,75,"DE",-20085.9622616347
"21.6",500,75,"DE",-20135.4912586335
"21.7",500,75,"DE",-19894.7256907162
"21.8",500,75,"DE",-19875.4018940471
"21.9",500,75,"DE",-19984.7919915014
"22",750,75,"DE",-18895.1637316442
"22.1",750,75,"DE",-18954.5194818477
"22.2",750,75,"DE",-18921.5703870545
"22.3",750,75,"DE",-19145.867772114
"22.4",750,75,"DE",-19274.8794602478
"22.5",750,75,"DE",-18904.5249771237
"22.6",750,75,"DE",-19105.2743800617
"22.7",750,75,"DE",-19123.3215543731
"22.8",750,75,"DE",-18966.3979997958
"22.9",750,75,"DE",-19199.6286639103
"23",1000,75,"DE",-18636.1108021927
"23.1",1000,75,"DE",-18778.7600839017
"23.2",1000,75,"DE",-18475.3144351795
"23.3",1000,75,"DE",-18491.6969052879
"23.4",1000,75,"DE",-18665.3307542839
"23.5",1000,75,"DE",-18643.9428870081
"23.6",1000,75,"DE",-18227.922195841
"23.7",1000,75,"DE",-18404.4705446309
"23.8",1000,75,"DE",-18705.0726092443
"23.9",1000,75,"DE",-18550.1999250801
"24",2000,75,"DE",-17045.0529710207
"24.1",2000,75,"DE",-17052.3945188067
"24.2",2000,75,"DE",-16996.6993404474
"24.3",2000,75,"DE",-17155.2636916609
"24.4",2000,75,"DE",-17176.8702958109
"24.5",2000,75,"DE",-16890.4476615061
"24.6",2000,75,"DE",-17117.5747663162
"24.7",2000,75,"DE",-16894.7148799917
"24.8",2000,75,"DE",-17076.3389241923
"24.9",2000,75,"DE",-17028.6886583028
"25",100,100,"DE",-21282.4370438994
"25.1",100,100,"DE",-21445.6900162052
"25.2",100,100,"DE",-21589.3643312279
"25.3",100,100,"DE",-21417.7132176956
"25.4",100,100,"DE",-21390.1288867528
"25.5",100,100,"DE",-20810.0437195771
"25.6",100,100,"DE",-21026.0996460407
"25.7",100,100,"DE",-21507.0888737714
"25.8",100,100,"DE",-21351.3864911137
"25.9",100,100,"DE",-21000.984430184
"26",250,100,"DE",-21090.907960241
"26.1",250,100,"DE",-21154.5372159655
"26.2",250,100,"DE",-20988.399892074
"26.3",250,100,"DE",-20705.4167169635
"26.4",250,100,"DE",-20984.3736568215
"26.5",250,100,"DE",-21165.157384797
"26.6",250,100,"DE",-21160.626765459
"26.7",250,100,"DE",-21222.5605126939
"26.8",250,100,"DE",-20897.2292100456
"26.9",250,100,"DE",-21185.0945984994
"27",500,100,"DE",-20366.6209814622
"27.1",500,100,"DE",-20165.1141198057
"27.2",500,100,"DE",-20265.1921478362
"27.3",500,100,"DE",-20360.7229269684
"27.4",500,100,"DE",-20278.4913386112
"27.5",500,100,"DE",-20253.2947607844
"27.6",500,100,"DE",-20223.8989911028
"27.7",500,100,"DE",-19987.5558218175
"27.8",500,100,"DE",-20349.08616246
"27.9",500,100,"DE",-20336.002050863
"28",750,100,"DE",-19620.0062747106
"28.1",750,100,"DE",-19826.5472074319
"28.2",750,100,"DE",-19422.5720013181
"28.3",750,100,"DE",-19318.3872836031
"28.4",750,100,"DE",-19200.0491568808
"28.5",750,100,"DE",-19345.3550284307
"28.6",750,100,"DE",-19663.1086528457
"28.7",750,100,"DE",-19868.732738659
"28.8",750,100,"DE",-19743.8907160354
"28.9",750,100,"DE",-19338.7576922289
"29",1000,100,"DE",-18988.4600558596
"29.1",1000,100,"DE",-18738.4291625348
"29.2",1000,100,"DE",-19065.4809088915
"29.3",1000,100,"DE",-19045.2296160726
"29.4",1000,100,"DE",-19418.4202797272
"29.5",1000,100,"DE",-18671.6078946068
"29.6",1000,100,"DE",-19285.7910678565
"29.7",1000,100,"DE",-18803.3251090928
"29.8",1000,100,"DE",-19293.845366661
"29.9",1000,100,"DE",-18940.3824664182
"30",2000,100,"DE",-17465.0382062741
"30.1",2000,100,"DE",-17481.5413438733
"30.2",2000,100,"DE",-17579.9135450138
"30.3",2000,100,"DE",-17649.7372263106
"30.4",2000,100,"DE",-17622.5687835429
"30.5",2000,100,"DE",-17228.5772555905
"30.6",2000,100,"DE",-17490.5434889993
"30.7",2000,100,"DE",-17594.7110376074
"30.8",2000,100,"DE",-17290.6392579541
"30.9",2000,100,"DE",-17500.0681620977
"31",100,200,"DE",-21036.0915061822
"31.1",100,200,"DE",-20991.0523212881
"31.2",100,200,"DE",-21046.3658305912
"31.3",100,200,"DE",-21486.3712679414
"31.4",100,200,"DE",-21590.2235832478
"31.5",100,200,"DE",-21410.652638061
"31.6",100,200,"DE",-21446.1618652379
"31.7",100,200,"DE",-21242.3632236933
"31.8",100,200,"DE",-21336.4763456881
"31.9",100,200,"DE",-21751.1946099102
"32",250,200,"DE",-21025.0457176503
"32.1",250,200,"DE",-21260.0056574264
"32.2",250,200,"DE",-21185.2269477164
"32.3",250,200,"DE",-21473.2081272465
"32.4",250,200,"DE",-21491.3882664613
"32.5",250,200,"DE",-21032.9656909175
"32.6",250,200,"DE",-20869.9129116192
"32.7",250,200,"DE",-20868.6241225116
"32.8",250,200,"DE",-21122.7273371273
"32.9",250,200,"DE",-21063.1752726276
"33",500,200,"DE",-20846.9462087622
"33.1",500,200,"DE",-20697.7723269365
"33.2",500,200,"DE",-20813.2908461522
"33.3",500,200,"DE",-20696.7378058803
"33.4",500,200,"DE",-20891.9729785035
"33.5",500,200,"DE",-20836.5589427505
"33.6",500,200,"DE",-20761.9874731909
"33.7",500,200,"DE",-20460.3906243405
"33.8",500,200,"DE",-20989.7517942046
"33.9",500,200,"DE",-20600.6710154253
"34",750,200,"DE",-20337.1432923076
"34.1",750,200,"DE",-20461.6463197713
"34.2",750,200,"DE",-20402.151632029
"34.3",750,200,"DE",-20140.2404566111
"34.4",750,200,"DE",-20204.636294874
"34.5",750,200,"DE",-20298.381150164
"34.6",750,200,"DE",-20268.0277003266
"34.7",750,200,"DE",-20270.4473507112
"34.8",750,200,"DE",-20338.7718115699
"34.9",750,200,"DE",-20605.6298219935
"35",1000,200,"DE",-19988.0812206874
"35.1",1000,200,"DE",-19838.2141943597
"35.2",1000,200,"DE",-19910.4411008044
"35.3",1000,200,"DE",-19651.4710680027
"35.4",1000,200,"DE",-19949.9503144583
"35.5",1000,200,"DE",-20172.2942932815
"35.6",1000,200,"DE",-19746.3286012757
"35.7",1000,200,"DE",-19831.760901067
"35.8",1000,200,"DE",-19770.97405243
"35.9",1000,200,"DE",-19929.1942164653
"36",2000,200,"DE",-18740.1941262844
"36.1",2000,200,"DE",-18651.7473699617
"36.2",2000,200,"DE",-18319.4985534061
"36.3",2000,200,"DE",-18604.2222651714
"36.4",2000,200,"DE",-18455.9818841847
"36.5",2000,200,"DE",-18766.67799543
"36.6",2000,200,"DE",-18699.3396031847
"36.7",2000,200,"DE",-18456.3895400955
"36.8",2000,200,"DE",-18477.4426516552
"36.9",2000,200,"DE",-18563.3737886193
"37",100,10,"GWO",-18961.7406862977
"37.1",100,10,"GWO",-17869.5461803092
"37.2",100,10,"GWO",-18756.1388004266
"37.3",100,10,"GWO",-18091.8002592572
"37.4",100,10,"GWO",-18387.760596287
"37.5",100,10,"GWO",-19129.8702977386
"37.6",100,10,"GWO",-17463.7930723019
"37.7",100,10,"GWO",-18655.0144402098
"37.8",100,10,"GWO",-18575.8423155716
"37.9",100,10,"GWO",-17978.9053666522
"38",250,10,"GWO",-16966.6099958839
"38.1",250,10,"GWO",-18376.6692378916
"38.2",250,10,"GWO",-16915.9655372834
"38.3",250,10,"GWO",-17188.9516006864
"38.4",250,10,"GWO",-17597.2475559283
"38.5",250,10,"GWO",-17040.4243688033
"38.6",250,10,"GWO",-17370.2001342849
"38.7",250,10,"GWO",-17830.4063392964
"38.8",250,10,"GWO",-18064.2989025508
"38.9",250,10,"GWO",-17855.7135330681
"39",500,10,"GWO",-17224.2373972437
"39.1",500,10,"GWO",-17529.0440075985
"39.2",500,10,"GWO",-16819.695653756
"39.3",500,10,"GWO",-17222.6680385023
"39.4",500,10,"GWO",-17560.4691951785
"39.5",500,10,"GWO",-17363.9036495238
"39.6",500,10,"GWO",-17021.6400305359
"39.7",500,10,"GWO",-17390.18689548
"39.8",500,10,"GWO",-17023.1585558741
"39.9",500,10,"GWO",-16990.2505889679
"40",750,10,"GWO",-17628.7424682112
"40.1",750,10,"GWO",-17730.6657397797
"40.2",750,10,"GWO",-17113.8574851543
"40.3",750,10,"GWO",-17141.6115697812
"40.4",750,10,"GWO",-16914.4088176221
"40.5",750,10,"GWO",-17048.0754904725
"40.6",750,10,"GWO",-17944.2323761154
"40.7",750,10,"GWO",-18294.0224481972
"40.8",750,10,"GWO",-16810.527597988
"40.9",750,10,"GWO",-16844.246692289
"41",1000,10,"GWO",-17902.2354498564
"41.1",1000,10,"GWO",-16777.7773895985
"41.2",1000,10,"GWO",-17575.4862884655
"41.3",1000,10,"GWO",-17307.5597511633
"41.4",1000,10,"GWO",-16776.4079977568
"41.5",1000,10,"GWO",-16964.332040294
"41.6",1000,10,"GWO",-17267.424005844
"41.7",1000,10,"GWO",-17330.7648800466
"41.8",1000,10,"GWO",-17350.3671780952
"41.9",1000,10,"GWO",-17198.7374826756
"42",2000,10,"GWO",-16958.1453131355
"42.1",2000,10,"GWO",-16850.2373382167
"42.2",2000,10,"GWO",-17094.5212403286
"42.3",2000,10,"GWO",-17245.4636236352
"42.4",2000,10,"GWO",-18059.629323862
"42.5",2000,10,"GWO",-18248.695787992
"42.6",2000,10,"GWO",-17747.5847143534
"42.7",2000,10,"GWO",-17354.2351277607
"42.8",2000,10,"GWO",-16987.5098228602
"42.9",2000,10,"GWO",-17270.3989357792
"43",100,20,"GWO",-17549.5758306469
"43.1",100,20,"GWO",-17175.7399472817
"43.2",100,20,"GWO",-17254.9119003019
"43.3",100,20,"GWO",-17397.4492671679
"43.4",100,20,"GWO",-17679.6322667503
"43.5",100,20,"GWO",-17547.3403038875
"43.6",100,20,"GWO",-17714.1431663637
"43.7",100,20,"GWO",-17365.0150688806
"43.8",100,20,"GWO",-17781.4516382899
"43.9",100,20,"GWO",-17683.2935122016
"44",250,20,"GWO",-17133.8443241109
"44.1",250,20,"GWO",-16950.193215006
"44.2",250,20,"GWO",-17098.419537213
"44.3",250,20,"GWO",-16956.3614025218
"44.4",250,20,"GWO",-16847.2081384292
"44.5",250,20,"GWO",-16979.9819003209
"44.6",250,20,"GWO",-19295.2288855581
"44.7",250,20,"GWO",-17094.2142451014
"44.8",250,20,"GWO",-16868.0881322703
"44.9",250,20,"GWO",-17152.3009551896
"45",500,20,"GWO",-16923.3196210614
"45.1",500,20,"GWO",-16811.0446484124
"45.2",500,20,"GWO",-16938.8174121849
"45.3",500,20,"GWO",-16924.1856888741
"45.4",500,20,"GWO",-16926.2407361251
"45.5",500,20,"GWO",-17511.975409166
"45.6",500,20,"GWO",-16806.7699015081
"45.7",500,20,"GWO",-16777.2863867443
"45.8",500,20,"GWO",-16823.6812240852
"45.9",500,20,"GWO",-17414.2458794845
"46",750,20,"GWO",-16926.5495065948
"46.1",750,20,"GWO",-17097.4513149492
"46.2",750,20,"GWO",-17216.9775740328
"46.3",750,20,"GWO",-16860.6242616109
"46.4",750,20,"GWO",-16816.6084606498
"46.5",750,20,"GWO",-16889.7990776502
"46.6",750,20,"GWO",-16812.7603154322
"46.7",750,20,"GWO",-17116.8314237714
"46.8",750,20,"GWO",-16851.4871742493
"46.9",750,20,"GWO",-17005.3148932761
"47",1000,20,"GWO",-16788.8903757981
"47.1",1000,20,"GWO",-16807.5080245246
"47.2",1000,20,"GWO",-16762.5170553222
"47.3",1000,20,"GWO",-17282.9221824642
"47.4",1000,20,"GWO",-17285.6141897012
"47.5",1000,20,"GWO",-17890.8306652417
"47.6",1000,20,"GWO",-17914.437330272
"47.7",1000,20,"GWO",-16879.9772845011
"47.8",1000,20,"GWO",-16888.1981017808
"47.9",1000,20,"GWO",-16899.387357389
"48",2000,20,"GWO",-17691.0444160014
"48.1",2000,20,"GWO",-16857.6643134495
"48.2",2000,20,"GWO",-17401.9122554939
"48.3",2000,20,"GWO",-17907.940438112
"48.4",2000,20,"GWO",-16751.7646451963
"48.5",2000,20,"GWO",-17258.2379034225
"48.6",2000,20,"GWO",-17434.9875218893
"48.7",2000,20,"GWO",-17194.0936846897
"48.8",2000,20,"GWO",-16934.5297915558
"48.9",2000,20,"GWO",-16770.225994899
"49",100,50,"GWO",-17344.9863825664
"49.1",100,50,"GWO",-16860.3642207808
"49.2",100,50,"GWO",-17083.5451473979
"49.3",100,50,"GWO",-16991.2508222043
"49.4",100,50,"GWO",-17107.3353683513
"49.5",100,50,"GWO",-17559.8996177471
"49.6",100,50,"GWO",-17233.8386914258
"49.7",100,50,"GWO",-17313.0493361562
"49.8",100,50,"GWO",-18552.6160435841
"49.9",100,50,"GWO",-16914.5433817912
"50",250,50,"GWO",-16769.5932656376
"50.1",250,50,"GWO",-17115.7239865457
"50.2",250,50,"GWO",-16871.7609025283
"50.3",250,50,"GWO",-17296.4017469325
"50.4",250,50,"GWO",-16985.7535021897
"50.5",250,50,"GWO",-16828.0653849328
"50.6",250,50,"GWO",-16810.4268249898
"50.7",250,50,"GWO",-16850.0653677227
"50.8",250,50,"GWO",-16867.3110536319
"50.9",250,50,"GWO",-17144.5398355602
"51",500,50,"GWO",-17688.1528950195
"51.1",500,50,"GWO",-16935.2334435326
"51.2",500,50,"GWO",-17906.0023288817
"51.3",500,50,"GWO",-17022.9642693878
"51.4",500,50,"GWO",-16807.0677022504
"51.5",500,50,"GWO",-16945.7666115388
"51.6",500,50,"GWO",-17454.7410925644
"51.7",500,50,"GWO",-16756.9981200876
"51.8",500,50,"GWO",-17361.278364892
"51.9",500,50,"GWO",-17003.329627423
"52",750,50,"GWO",-16881.5499075588
"52.1",750,50,"GWO",-16830.7165689102
"52.2",750,50,"GWO",-16820.1984952044
"52.3",750,50,"GWO",-17237.8742155797
"52.4",750,50,"GWO",-16828.4043478785
"52.5",750,50,"GWO",-17417.1279745209
"52.6",750,50,"GWO",-16859.1998404789
"52.7",750,50,"GWO",-16863.9905837412
"52.8",750,50,"GWO",-17308.4951191391
"52.9",750,50,"GWO",-17265.1981043923
"53",1000,50,"GWO",-17475.1755440491
"53.1",1000,50,"GWO",-17000.8738066469
"53.2",1000,50,"GWO",-16856.4767930371
"53.3",1000,50,"GWO",-16788.3979537816
"53.4",1000,50,"GWO",-17171.8838258265
"53.5",1000,50,"GWO",-17014.9814943641
"53.6",1000,50,"GWO",-17090.5492853434
"53.7",1000,50,"GWO",-16826.1299333052
"53.8",1000,50,"GWO",-18105.0232812844
"53.9",1000,50,"GWO",-16943.4366676447
"54",2000,50,"GWO",-17008.7004930563
"54.1",2000,50,"GWO",-17044.4945635248
"54.2",2000,50,"GWO",-17605.6356453629
"54.3",2000,50,"GWO",-17138.0771415605
"54.4",2000,50,"GWO",-17380.936871331
"54.5",2000,50,"GWO",-16896.7735084017
"54.6",2000,50,"GWO",-16931.2242143054
"54.7",2000,50,"GWO",-17518.4428184174
"54.8",2000,50,"GWO",-17668.1910371488
"54.9",2000,50,"GWO",-17605.7551451751
"55",100,75,"GWO",-16907.449313518
"55.1",100,75,"GWO",-16887.4117465544
"55.2",100,75,"GWO",-16874.4542699836
"55.3",100,75,"GWO",-17530.7358820233
"55.4",100,75,"GWO",-16814.1956629449
"55.5",100,75,"GWO",-16791.6025548705
"55.6",100,75,"GWO",-16784.9370193206
"55.7",100,75,"GWO",-16782.1983591993
"55.8",100,75,"GWO",-17109.0075978779
"55.9",100,75,"GWO",-17909.5243149332
"56",250,75,"GWO",-16881.8789975711
"56.1",250,75,"GWO",-16998.7654513305
"56.2",250,75,"GWO",-17301.18125585
"56.3",250,75,"GWO",-17454.3979281462
"56.4",250,75,"GWO",-16947.8405776404
"56.5",250,75,"GWO",-16795.7835486614
"56.6",250,75,"GWO",-17173.0039653004
"56.7",250,75,"GWO",-18165.9634072916
"56.8",250,75,"GWO",-17082.123469062
"56.9",250,75,"GWO",-17702.9237017265
"57",500,75,"GWO",-17314.8250147308
"57.1",500,75,"GWO",-17460.4025011934
"57.2",500,75,"GWO",-16841.1303790027
"57.3",500,75,"GWO",-16960.2391797509
"57.4",500,75,"GWO",-17945.7317462602
"57.5",500,75,"GWO",-17120.8434567078
"57.6",500,75,"GWO",-16770.1888630625
"57.7",500,75,"GWO",-16947.0553628764
"57.8",500,75,"GWO",-16965.1942888468
"57.9",500,75,"GWO",-16910.5715571702
"58",750,75,"GWO",-17040.2940079825
"58.1",750,75,"GWO",-17874.6907313871
"58.2",750,75,"GWO",-16926.3989735868
"58.3",750,75,"GWO",-17167.0454870723
"58.4",750,75,"GWO",-17109.8225621181
"58.5",750,75,"GWO",-17036.2794865607
"58.6",750,75,"GWO",-17141.686585336
"58.7",750,75,"GWO",-16786.6483566686
"58.8",750,75,"GWO",-17028.7060044238
"58.9",750,75,"GWO",-17041.0534705363
"59",1000,75,"GWO",-17089.2108513131
"59.1",1000,75,"GWO",-16769.23413396
"59.2",1000,75,"GWO",-16863.2533575084
"59.3",1000,75,"GWO",-18189.238272833
"59.4",1000,75,"GWO",-17872.406020651
"59.5",1000,75,"GWO",-16966.4644543971
"59.6",1000,75,"GWO",-16890.5771370337
"59.7",1000,75,"GWO",-16817.3973957293
"59.8",1000,75,"GWO",-16965.7794055387
"59.9",1000,75,"GWO",-16773.996171091
"60",2000,75,"GWO",-16983.1472173205
"60.1",2000,75,"GWO",-16742.4238880922
"60.2",2000,75,"GWO",-16935.2615795534
"60.3",2000,75,"GWO",-17040.6203590161
"60.4",2000,75,"GWO",-16786.5093549712
"60.5",2000,75,"GWO",-17662.8951342503
"60.6",2000,75,"GWO",-17073.7074474289
"60.7",2000,75,"GWO",-17082.2682586291
"60.8",2000,75,"GWO",-17396.9996095463
"60.9",2000,75,"GWO",-16971.7372297453
"61",100,100,"GWO",-16762.4614717793
"61.1",100,100,"GWO",-17027.218726773
"61.2",100,100,"GWO",-16765.8032928341
"61.3",100,100,"GWO",-16855.7721821118
"61.4",100,100,"GWO",-16758.510340515
"61.5",100,100,"GWO",-17299.990630196
"61.6",100,100,"GWO",-17105.2915099591
"61.7",100,100,"GWO",-16782.7873429144
"61.8",100,100,"GWO",-16842.0993492061
"61.9",100,100,"GWO",-16799.5962814899
"62",250,100,"GWO",-16851.9280750107
"62.1",250,100,"GWO",-17309.1634178121
"62.2",250,100,"GWO",-16831.3643078676
"62.3",250,100,"GWO",-16836.6521127971
"62.4",250,100,"GWO",-17068.1775410876
"62.5",250,100,"GWO",-16977.9762791222
"62.6",250,100,"GWO",-17058.6103802871
"62.7",250,100,"GWO",-18030.6990506395
"62.8",250,100,"GWO",-17463.3584037762
"62.9",250,100,"GWO",-17348.5236236082
"63",500,100,"GWO",-17124.008649212
"63.1",500,100,"GWO",-17063.0434669388
"63.2",500,100,"GWO",-17827.5558889683
"63.3",500,100,"GWO",-16810.5435687304
"63.4",500,100,"GWO",-16775.2081211851
"63.5",500,100,"GWO",-16806.6029226904
"63.6",500,100,"GWO",-16749.9519454558
"63.7",500,100,"GWO",-16842.2359587321
"63.8",500,100,"GWO",-16788.3753797375
"63.9",500,100,"GWO",-16809.4431852316
"64",750,100,"GWO",-17155.8992572039
"64.1",750,100,"GWO",-16746.0569213231
"64.2",750,100,"GWO",-16814.3036465094
"64.3",750,100,"GWO",-17148.6034813374
"64.4",750,100,"GWO",-17059.8471477252
"64.5",750,100,"GWO",-16800.4031379442
"64.6",750,100,"GWO",-17170.9204172184
"64.7",750,100,"GWO",-17309.1830460449
"64.8",750,100,"GWO",-16864.1591827609
"64.9",750,100,"GWO",-16811.1837975155
"65",1000,100,"GWO",-17048.5183660758
"65.1",1000,100,"GWO",-16783.5788337138
"65.2",1000,100,"GWO",-17030.7743304219
"65.3",1000,100,"GWO",-18308.8151333115
"65.4",1000,100,"GWO",-16877.9616635692
"65.5",1000,100,"GWO",-16958.4825975211
"65.6",1000,100,"GWO",-16824.3522177438
"65.7",1000,100,"GWO",-16849.2133089166
"65.8",1000,100,"GWO",-16909.0172250287
"65.9",1000,100,"GWO",-17727.9050659843
"66",2000,100,"GWO",-17926.7807263556
"66.1",2000,100,"GWO",-16924.3861678241
"66.2",2000,100,"GWO",-17852.1793254328
"66.3",2000,100,"GWO",-16748.4733314665
"66.4",2000,100,"GWO",-16828.9503118169
"66.5",2000,100,"GWO",-16764.4384049015
"66.6",2000,100,"GWO",-16854.7841520965
"66.7",2000,100,"GWO",-16862.2376139067
"66.8",2000,100,"GWO",-17292.3608048449
"66.9",2000,100,"GWO",-17103.3382256941
"67",100,200,"GWO",-16914.2899719974
"67.1",100,200,"GWO",-16938.7596241142
"67.2",100,200,"GWO",-16946.6213522146
"67.3",100,200,"GWO",-16767.6847031702
"67.4",100,200,"GWO",-17823.7108962798
"67.5",100,200,"GWO",-17152.0509274682
"67.6",100,200,"GWO",-16779.0663272341
"67.7",100,200,"GWO",-16773.4821975597
"67.8",100,200,"GWO",-16767.0543098703
"67.9",100,200,"GWO",-16879.2079585763
"68",250,200,"GWO",-17483.4842210667
"68.1",250,200,"GWO",-17311.1551971121
"68.2",250,200,"GWO",-17228.7209062328
"68.3",250,200,"GWO",-16784.8690775539
"68.4",250,200,"GWO",-17520.1492445924
"68.5",250,200,"GWO",-16832.3622240751
"68.6",250,200,"GWO",-16874.5748014768
"68.7",250,200,"GWO",-17530.8790567069
"68.8",250,200,"GWO",-17050.0785797735
"68.9",250,200,"GWO",-16805.5967379557
"69",500,200,"GWO",-17190.0680512118
"69.1",500,200,"GWO",-17567.1940123867
"69.2",500,200,"GWO",-17005.4512025301
"69.3",500,200,"GWO",-18146.2763060696
"69.4",500,200,"GWO",-16905.3493683459
"69.5",500,200,"GWO",-16904.9278032082
"69.6",500,200,"GWO",-17078.7804009243
"69.7",500,200,"GWO",-17627.1826921421
"69.8",500,200,"GWO",-17725.082910897
"69.9",500,200,"GWO",-16848.711526456
"70",750,200,"GWO",-16787.2473936187
"70.1",750,200,"GWO",-16795.446144185
"70.2",750,200,"GWO",-17152.6629685604
"70.3",750,200,"GWO",-16947.1321604539
"70.4",750,200,"GWO",-16819.5848103722
"70.5",750,200,"GWO",-17554.6836674274
"70.6",750,200,"GWO",-16791.2612944613
"70.7",750,200,"GWO",-16787.1794290418
"70.8",750,200,"GWO",-17476.9989620247
"70.9",750,200,"GWO",-16886.4814928358
"71",1000,200,"GWO",-16966.4575008596
"71.1",1000,200,"GWO",-16919.4964708558
"71.2",1000,200,"GWO",-17206.2700546456
"71.3",1000,200,"GWO",-16799.6141605985
"71.4",1000,200,"GWO",-17433.9475318516
"71.5",1000,200,"GWO",-17454.394927546
"71.6",1000,200,"GWO",-17634.3930023225
"71.7",1000,200,"GWO",-16898.1458410133
"71.8",1000,200,"GWO",-17898.6557607719
"71.9",1000,200,"GWO",-16971.1427885225
"72",2000,200,"GWO",-17432.6523914927
"72.1",2000,200,"GWO",-17032.61515823
"72.2",2000,200,"GWO",-16761.9995560935
"72.3",2000,200,"GWO",-16809.2518219063
"72.4",2000,200,"GWO",-16889.7701763652
"72.5",2000,200,"GWO",-17958.8677246038
"72.6",2000,200,"GWO",-16803.2746233815
"72.7",2000,200,"GWO",-17631.6454771066
"72.8",2000,200,"GWO",-16977.3276109119
"72.9",2000,200,"GWO",-17922.4685093662
"73",100,10,"HS",-18544.1672324367
"73.1",100,10,"HS",-18259.63268861
"73.2",100,10,"HS",-18846.7588117652
"73.3",100,10,"HS",-18701.3744557996
"73.4",100,10,"HS",-18283.6938968193
"73.5",100,10,"HS",-18377.7135206311
"73.6",100,10,"HS",-18341.0693987404
"73.7",100,10,"HS",-18462.9907721698
"73.8",100,10,"HS",-18463.1252576244
"73.9",100,10,"HS",-18138.3889298658
"74",250,10,"HS",-18120.8714149163
"74.1",250,10,"HS",-17917.4207915459
"74.2",250,10,"HS",-18011.4283597827
"74.3",250,10,"HS",-18201.7871099436
"74.4",250,10,"HS",-17936.0183476694
"74.5",250,10,"HS",-17930.4850865712
"74.6",250,10,"HS",-17901.3504959269
"74.7",250,10,"HS",-17752.7245636133
"74.8",250,10,"HS",-17917.490246008
"74.9",250,10,"HS",-17648.4121988727
"75",500,10,"HS",-17456.4134148199
"75.1",500,10,"HS",-17493.9325193236
"75.2",500,10,"HS",-17534.9166272786
"75.3",500,10,"HS",-17624.3882393233
"75.4",500,10,"HS",-17712.2731755827
"75.5",500,10,"HS",-17509.8314171647
"75.6",500,10,"HS",-17546.0154420067
"75.7",500,10,"HS",-17544.8218197378
"75.8",500,10,"HS",-17645.6325928288
"75.9",500,10,"HS",-17601.4183423156
"76",750,10,"HS",-17401.2581335554
"76.1",750,10,"HS",-17343.5209289529
"76.2",750,10,"HS",-17247.7587559253
"76.3",750,10,"HS",-17460.7704301762
"76.4",750,10,"HS",-17477.3409272951
"76.5",750,10,"HS",-17591.6969840176
"76.6",750,10,"HS",-17575.6763246529
"76.7",750,10,"HS",-17551.2456986417
"76.8",750,10,"HS",-17629.3274943046
"76.9",750,10,"HS",-17350.3709454468
"77",1000,10,"HS",-17209.378135323
"77.1",1000,10,"HS",-17347.8343522436
"77.2",1000,10,"HS",-17483.426826609
"77.3",1000,10,"HS",-17287.270213754
"77.4",1000,10,"HS",-17346.9003191248
"77.5",1000,10,"HS",-17354.5835919984
"77.6",1000,10,"HS",-17393.6430174587
"77.7",1000,10,"HS",-17530.4792670905
"77.8",1000,10,"HS",-17431.8677713648
"77.9",1000,10,"HS",-17326.454986105
"78",2000,10,"HS",-17363.9817924401
"78.1",2000,10,"HS",-17208.293389015
"78.2",2000,10,"HS",-17190.3474998584
"78.3",2000,10,"HS",-17209.4317749645
"78.4",2000,10,"HS",-17171.1385623398
"78.5",2000,10,"HS",-17169.6866527065
"78.6",2000,10,"HS",-17348.1945320354
"78.7",2000,10,"HS",-17137.0843352198
"78.8",2000,10,"HS",-17205.1521213156
"78.9",2000,10,"HS",-17126.3863783399
"79",100,20,"HS",-18014.945686033
"79.1",100,20,"HS",-17998.0753182675
"79.2",100,20,"HS",-18279.2063306327
"79.3",100,20,"HS",-18112.0534312782
"79.4",100,20,"HS",-18181.3715367792
"79.5",100,20,"HS",-18020.6656178311
"79.6",100,20,"HS",-17985.0027450303
"79.7",100,20,"HS",-17935.4883365436
"79.8",100,20,"HS",-18106.2168577386
"79.9",100,20,"HS",-18066.8170518532
"80",250,20,"HS",-17572.7815645813
"80.1",250,20,"HS",-17519.3001899545
"80.2",250,20,"HS",-17591.3107211973
"80.3",250,20,"HS",-17603.3676881209
"80.4",250,20,"HS",-17536.5939301959
"80.5",250,20,"HS",-17517.1758236246
"80.6",250,20,"HS",-17481.6717402573
"80.7",250,20,"HS",-17456.6203841583
"80.8",250,20,"HS",-17395.9910547567
"80.9",250,20,"HS",-17520.2032759297
"81",500,20,"HS",-17462.500720831
"81.1",500,20,"HS",-17258.0256634638
"81.2",500,20,"HS",-17291.4701559039
"81.3",500,20,"HS",-17239.2976328764
"81.4",500,20,"HS",-17500.4434439498
"81.5",500,20,"HS",-17343.3842375547
"81.6",500,20,"HS",-17398.0699254001
"81.7",500,20,"HS",-17558.7020183918
"81.8",500,20,"HS",-17481.45811888
"81.9",500,20,"HS",-17272.9899783234
"82",750,20,"HS",-17200.6085266896
"82.1",750,20,"HS",-17128.6747834124
"82.2",750,20,"HS",-17316.621319044
"82.3",750,20,"HS",-17263.8852848957
"82.4",750,20,"HS",-17156.9724816881
"82.5",750,20,"HS",-17311.1094839053
"82.6",750,20,"HS",-17506.1119100782
"82.7",750,20,"HS",-17214.7023411098
"82.8",750,20,"HS",-17166.6801675579
"82.9",750,20,"HS",-17164.152406429
"83",1000,20,"HS",-17077.377933525
"83.1",1000,20,"HS",-17295.0261144264
"83.2",1000,20,"HS",-17159.4612674053
"83.3",1000,20,"HS",-17050.7120651324
"83.4",1000,20,"HS",-17107.567145718
"83.5",1000,20,"HS",-17104.2714099164
"83.6",1000,20,"HS",-17082.5521054687
"83.7",1000,20,"HS",-17117.8757528923
"83.8",1000,20,"HS",-17120.0389154904
"83.9",1000,20,"HS",-17163.9857782193
"84",2000,20,"HS",-16985.7294252705
"84.1",2000,20,"HS",-17081.2646368163
"84.2",2000,20,"HS",-17000.6856921607
"84.3",2000,20,"HS",-17075.6693394151
"84.4",2000,20,"HS",-17042.4122130093
"84.5",2000,20,"HS",-16998.560332824
"84.6",2000,20,"HS",-17071.9998965731
"84.7",2000,20,"HS",-17041.1089723534
"84.8",2000,20,"HS",-17096.7260065901
"84.9",2000,20,"HS",-17002.2834463678
"85",100,50,"HS",-17948.2680540182
"85.1",100,50,"HS",-18014.227021627
"85.2",100,50,"HS",-17794.5524094507
"85.3",100,50,"HS",-17850.9142472971
"85.4",100,50,"HS",-17822.2203247172
"85.5",100,50,"HS",-17984.6936590557
"85.6",100,50,"HS",-17865.9658020764
"85.7",100,50,"HS",-18007.6251017119
"85.8",100,50,"HS",-18001.0204061447
"85.9",100,50,"HS",-17866.0641621953
"86",250,50,"HS",-17511.6794120114
"86.1",250,50,"HS",-17271.5214927185
"86.2",250,50,"HS",-17276.0522904981
"86.3",250,50,"HS",-17326.8946903666
"86.4",250,50,"HS",-17286.2292634968
"86.5",250,50,"HS",-17365.8360224865
"86.6",250,50,"HS",-17252.2934519416
"86.7",250,50,"HS",-17290.4234970364
"86.8",250,50,"HS",-17315.2902214544
"86.9",250,50,"HS",-17392.6419308506
"87",500,50,"HS",-17168.2744879405
"87.1",500,50,"HS",-17100.9349953399
"87.2",500,50,"HS",-17151.7135755972
"87.3",500,50,"HS",-17118.8122681612
"87.4",500,50,"HS",-17101.2210230148
"87.5",500,50,"HS",-17155.9911071431
"87.6",500,50,"HS",-17093.5499384151
"87.7",500,50,"HS",-17299.7645229647
"87.8",500,50,"HS",-17128.5643089068
"87.9",500,50,"HS",-17324.2128859999
"88",750,50,"HS",-17292.7135402757
"88.1",750,50,"HS",-17029.4530661471
"88.2",750,50,"HS",-17067.9382566961
"88.3",750,50,"HS",-16985.5873784798
"88.4",750,50,"HS",-17016.5147760555
"88.5",750,50,"HS",-17022.7738242449
"88.6",750,50,"HS",-17067.1137599595
"88.7",750,50,"HS",-17045.0732356891
"88.8",750,50,"HS",-17010.8681513937
"88.9",750,50,"HS",-17080.3162834684
"89",1000,50,"HS",-17273.1967576659
"89.1",1000,50,"HS",-17051.1063814258
"89.2",1000,50,"HS",-17009.6361673233
"89.3",1000,50,"HS",-16984.5969499972
"89.4",1000,50,"HS",-17097.9503030303
"89.5",1000,50,"HS",-17007.3785840061
"89.6",1000,50,"HS",-16983.4528898988
"89.7",1000,50,"HS",-16994.6701014666
"89.8",1000,50,"HS",-17234.3848642622
"89.9",1000,50,"HS",-16996.9890888255
"90",2000,50,"HS",-16973.3727615558
"90.1",2000,50,"HS",-16896.6955848719
"90.2",2000,50,"HS",-16954.2052460134
"90.3",2000,50,"HS",-16914.6996984478
"90.4",2000,50,"HS",-16925.0421287578
"90.5",2000,50,"HS",-16918.8523596294
"90.6",2000,50,"HS",-16917.7955201263
"90.7",2000,50,"HS",-16916.4064116648
"90.8",2000,50,"HS",-16917.9619462834
"90.9",2000,50,"HS",-16897.6112022669
"91",100,75,"HS",-17776.0441193611
"91.1",100,75,"HS",-17767.8577300419
"91.2",100,75,"HS",-17843.2228739867
"91.3",100,75,"HS",-17697.1183302469
"91.4",100,75,"HS",-17852.4543529679
"91.5",100,75,"HS",-17945.8104286934
"91.6",100,75,"HS",-17717.0600593671
"91.7",100,75,"HS",-17780.5383831924
"91.8",100,75,"HS",-18041.8551505723
"91.9",100,75,"HS",-17914.1229937636
"92",250,75,"HS",-17411.1591032484
"92.1",250,75,"HS",-17261.9920753459
"92.2",250,75,"HS",-17294.8038411614
"92.3",250,75,"HS",-17243.9545227843
"92.4",250,75,"HS",-17256.9816493423
"92.5",250,75,"HS",-17533.5278285219
"92.6",250,75,"HS",-17415.2397734049
"92.7",250,75,"HS",-17317.6096979648
"92.8",250,75,"HS",-17370.4824555295
"92.9",250,75,"HS",-17419.5429958858
"93",500,75,"HS",-17145.7329975547
"93.1",500,75,"HS",-17145.938664227
"93.2",500,75,"HS",-17103.0860850716
"93.3",500,75,"HS",-17065.2096224914
"93.4",500,75,"HS",-17046.1453626895
"93.5",500,75,"HS",-17075.9294855564
"93.6",500,75,"HS",-17103.5409106328
"93.7",500,75,"HS",-17063.9492420611
"93.8",500,75,"HS",-17038.0140520269
"93.9",500,75,"HS",-17182.192593001
"94",750,75,"HS",-17057.9942239678
"94.1",750,75,"HS",-17010.9377402821
"94.2",750,75,"HS",-16995.6031972848
"94.3",750,75,"HS",-17266.513361752
"94.4",750,75,"HS",-17005.4581296077
"94.5",750,75,"HS",-17066.5773905849
"94.6",750,75,"HS",-17155.2856944458
"94.7",750,75,"HS",-17004.4911454189
"94.8",750,75,"HS",-16978.6653304528
"94.9",750,75,"HS",-16974.0159002549
"95",1000,75,"HS",-17003.9884261474
"95.1",1000,75,"HS",-16984.8666135432
"95.2",1000,75,"HS",-16963.525385386
"95.3",1000,75,"HS",-16985.4921902184
"95.4",1000,75,"HS",-17002.2286653542
"95.5",1000,75,"HS",-17152.4254732248
"95.6",1000,75,"HS",-16962.0152428837
"95.7",1000,75,"HS",-16978.3328621302
"95.8",1000,75,"HS",-16952.6673376929
"95.9",1000,75,"HS",-16972.3631229374
"96",2000,75,"HS",-16955.5427689558
"96.1",2000,75,"HS",-16919.3449704573
"96.2",2000,75,"HS",-16887.4988198147
"96.3",2000,75,"HS",-17069.02521312
"96.4",2000,75,"HS",-16922.7913550373
"96.5",2000,75,"HS",-16966.9700982407
"96.6",2000,75,"HS",-16908.2684438202
"96.7",2000,75,"HS",-16884.6408215288
"96.8",2000,75,"HS",-16898.6207038692
"96.9",2000,75,"HS",-16917.2900498101
"97",100,100,"HS",-17796.7577538764
"97.1",100,100,"HS",-17646.4053359533
"97.2",100,100,"HS",-17720.2395779226
"97.3",100,100,"HS",-17720.7691331039
"97.4",100,100,"HS",-17772.7477720457
"97.5",100,100,"HS",-17785.3157801163
"97.6",100,100,"HS",-17665.4255749435
"97.7",100,100,"HS",-17641.3646574408
"97.8",100,100,"HS",-17757.5856687084
"97.9",100,100,"HS",-17742.0643307879
"98",250,100,"HS",-17257.9852239865
"98.1",250,100,"HS",-17339.5910483357
"98.2",250,100,"HS",-17225.1943173432
"98.3",250,100,"HS",-17235.3752651985
"98.4",250,100,"HS",-17207.6470024301
"98.5",250,100,"HS",-17305.5211546097
"98.6",250,100,"HS",-17180.8045665089
"98.7",250,100,"HS",-17163.0343095786
"98.8",250,100,"HS",-17231.8848092875
"98.9",250,100,"HS",-17311.6357876422
"99",500,100,"HS",-17038.2033682559
"99.1",500,100,"HS",-17055.9439682272
"99.2",500,100,"HS",-17028.4867457289
"99.3",500,100,"HS",-17085.3327626419
"99.4",500,100,"HS",-17028.0418211143
"99.5",500,100,"HS",-17382.1065483407
"99.6",500,100,"HS",-17070.8091385231
"99.7",500,100,"HS",-17068.3362931564
"99.8",500,100,"HS",-17081.5547118298
"99.9",500,100,"HS",-17078.9485173627
"100",750,100,"HS",-17003.2427600937
"100.1",750,100,"HS",-16980.0391487673
"100.2",750,100,"HS",-17006.5132056409
"100.3",750,100,"HS",-17020.0500100275
"100.4",750,100,"HS",-16999.6355904085
"100.5",750,100,"HS",-17018.3129840668
"100.6",750,100,"HS",-16976.5128985156
"100.7",750,100,"HS",-17016.8472946734
"100.8",750,100,"HS",-17162.7225214452
"100.9",750,100,"HS",-16989.5721448026
"101",1000,100,"HS",-17116.3702533641
"101.1",1000,100,"HS",-17191.4431611015
"101.2",1000,100,"HS",-16970.4230419076
"101.3",1000,100,"HS",-16973.9443387782
"101.4",1000,100,"HS",-16941.4188372413
"101.5",1000,100,"HS",-16979.8838924771
"101.6",1000,100,"HS",-16995.9364746594
"101.7",1000,100,"HS",-16985.9113048944
"101.8",1000,100,"HS",-16929.0563978743
"101.9",1000,100,"HS",-16949.4880907507
"102",2000,100,"HS",-16928.5840390225
"102.1",2000,100,"HS",-16926.8058107826
"102.2",2000,100,"HS",-16866.4502199591
"102.3",2000,100,"HS",-16899.1628042968
"102.4",2000,100,"HS",-16911.7366368495
"102.5",2000,100,"HS",-16865.0276375611
"102.6",2000,100,"HS",-16970.8851666339
"102.7",2000,100,"HS",-16959.3911712518
"102.8",2000,100,"HS",-16899.6802155349
"102.9",2000,100,"HS",-16879.9350479872
"103",100,200,"HS",-17894.8502933027
"103.1",100,200,"HS",-17691.969778566
"103.2",100,200,"HS",-17630.1627328224
"103.3",100,200,"HS",-17594.9163749987
"103.4",100,200,"HS",-17679.8066308988
"103.5",100,200,"HS",-17680.7858342585
"103.6",100,200,"HS",-17831.21352136
"103.7",100,200,"HS",-17856.1742105635
"103.8",100,200,"HS",-17833.4379290603
"103.9",100,200,"HS",-17661.0731899016
"104",250,200,"HS",-17161.1884123739
"104.1",250,200,"HS",-17326.901107365
"104.2",250,200,"HS",-17282.223012236
"104.3",250,200,"HS",-17246.3394539264
"104.4",250,200,"HS",-17115.9000423214
"104.5",250,200,"HS",-17213.8459573203
"104.6",250,200,"HS",-17181.1764491298
"104.7",250,200,"HS",-17224.6160506607
"104.8",250,200,"HS",-17164.8330539222
"104.9",250,200,"HS",-17353.3173191679
"105",500,200,"HS",-17010.8006018605
"105.1",500,200,"HS",-17087.1089330113
"105.2",500,200,"HS",-17057.1681179828
"105.3",500,200,"HS",-17132.0056151818
"105.4",500,200,"HS",-17027.1723858942
"105.5",500,200,"HS",-17034.1628020346
"105.6",500,200,"HS",-17267.1175089225
"105.7",500,200,"HS",-17049.148997852
"105.8",500,200,"HS",-17104.3352754005
"105.9",500,200,"HS",-17052.057303411
"106",750,200,"HS",-16957.8620036093
"106.1",750,200,"HS",-16969.1686348317
"106.2",750,200,"HS",-16980.9311560461
"106.3",750,200,"HS",-17313.1659445134
"106.4",750,200,"HS",-16969.4060366446
"106.5",750,200,"HS",-16963.0456924511
"106.6",750,200,"HS",-16966.6166269266
"106.7",750,200,"HS",-16930.6146922971
"106.8",750,200,"HS",-16959.6980836328
"106.9",750,200,"HS",-16949.435833029
"107",1000,200,"HS",-16931.100862933
"107.1",1000,200,"HS",-16963.8399909033
"107.2",1000,200,"HS",-16931.7416521097
"107.3",1000,200,"HS",-16957.1160992322
"107.4",1000,200,"HS",-16996.6294497245
"107.5",1000,200,"HS",-16920.4531811726
"107.6",1000,200,"HS",-16938.2178924824
"107.7",1000,200,"HS",-16930.2573476475
"107.8",1000,200,"HS",-16922.2993491972
"107.9",1000,200,"HS",-16941.5854669003
"108",2000,200,"HS",-17117.6646136687
"108.1",2000,200,"HS",-16910.9454958946
"108.2",2000,200,"HS",-16883.561875115
"108.3",2000,200,"HS",-16903.6539368455
"108.4",2000,200,"HS",-16880.740409347
"108.5",2000,200,"HS",-17005.9351520572
"108.6",2000,200,"HS",-16861.4546326854
"108.7",2000,200,"HS",-16866.55053035
"108.8",2000,200,"HS",-16897.5208711141
"108.9",2000,200,"HS",-16877.9876827807
"109",100,10,"WOA",-20064.6881323092
"109.1",100,10,"WOA",-20729.159665249
"109.2",100,10,"WOA",-20353.393971401
"109.3",100,10,"WOA",-20155.1382268048
"109.4",100,10,"WOA",-20240.4521861883
"109.5",100,10,"WOA",-19836.5788515878
"109.6",100,10,"WOA",-20204.4263320708
"109.7",100,10,"WOA",-20037.6529237581
"109.8",100,10,"WOA",-19712.195126104
"109.9",100,10,"WOA",-20144.0023565067
"110",250,10,"WOA",-19270.499425981
"110.1",250,10,"WOA",-19662.8092390557
"110.2",250,10,"WOA",-19258.6507875757
"110.3",250,10,"WOA",-18818.2127989473
"110.4",250,10,"WOA",-19408.5413808837
"110.5",250,10,"WOA",-19336.778093436
"110.6",250,10,"WOA",-19192.1516129413
"110.7",250,10,"WOA",-19202.9009577663
"110.8",250,10,"WOA",-19321.0758126355
"110.9",250,10,"WOA",-19209.8054739688
"111",500,10,"WOA",-17683.3803655171
"111.1",500,10,"WOA",-18272.8531787236
"111.2",500,10,"WOA",-18232.3130664381
"111.3",500,10,"WOA",-18843.1614677054
"111.4",500,10,"WOA",-18789.1626106116
"111.5",500,10,"WOA",-18458.2727387005
"111.6",500,10,"WOA",-18259.8257709151
"111.7",500,10,"WOA",-18483.3039237085
"111.8",500,10,"WOA",-18216.6971062828
"111.9",500,10,"WOA",-18501.2113009799
"112",750,10,"WOA",-17779.4129329304
"112.1",750,10,"WOA",-18133.7543438209
"112.2",750,10,"WOA",-17510.3019389284
"112.3",750,10,"WOA",-17416.1043656844
"112.4",750,10,"WOA",-17680.2882533123
"112.5",750,10,"WOA",-18006.3279135202
"112.6",750,10,"WOA",-18273.8675139713
"112.7",750,10,"WOA",-17927.0543161891
"112.8",750,10,"WOA",-17768.0196966957
"112.9",750,10,"WOA",-17901.5366886953
"113",1000,10,"WOA",-17660.5933734783
"113.1",1000,10,"WOA",-17515.5946975129
"113.2",1000,10,"WOA",-17780.9686264739
"113.3",1000,10,"WOA",-17558.3406503611
"113.4",1000,10,"WOA",-17771.3493406602
"113.5",1000,10,"WOA",-17617.3258078592
"113.6",1000,10,"WOA",-17195.4895415106
"113.7",1000,10,"WOA",-17397.7373398517
"113.8",1000,10,"WOA",-17234.0716037162
"113.9",1000,10,"WOA",-17477.4578094245
"114",2000,10,"WOA",-17154.2131448289
"114.1",2000,10,"WOA",-17123.458576419
"114.2",2000,10,"WOA",-17437.5105266101
"114.3",2000,10,"WOA",-16918.4320872183
"114.4",2000,10,"WOA",-17082.9538375614
"114.5",2000,10,"WOA",-16887.8925013157
"114.6",2000,10,"WOA",-17014.3285607616
"114.7",2000,10,"WOA",-17250.0781816159
"114.8",2000,10,"WOA",-16955.9953711336
"114.9",2000,10,"WOA",-17480.5293267669
"115",100,20,"WOA",-19039.329720374
"115.1",100,20,"WOA",-19186.7432331129
"115.2",100,20,"WOA",-19534.7045886426
"115.3",100,20,"WOA",-19163.5122333069
"115.4",100,20,"WOA",-19478.5899714379
"115.5",100,20,"WOA",-19608.7500066131
"115.6",100,20,"WOA",-19491.9834167523
"115.7",100,20,"WOA",-19192.1810406439
"115.8",100,20,"WOA",-19351.3469670211
"115.9",100,20,"WOA",-19220.724714597
"116",250,20,"WOA",-18541.3039103168
"116.1",250,20,"WOA",-18149.5924853406
"116.2",250,20,"WOA",-18299.6734427284
"116.3",250,20,"WOA",-18243.1511762026
"116.4",250,20,"WOA",-18292.9416183339
"116.5",250,20,"WOA",-18276.4332082773
"116.6",250,20,"WOA",-18516.0403700643
"116.7",250,20,"WOA",-18467.3998447894
"116.8",250,20,"WOA",-17892.9883852145
"116.9",250,20,"WOA",-17904.4619579872
"117",500,20,"WOA",-17687.0993997186
"117.1",500,20,"WOA",-17376.897319786
"117.2",500,20,"WOA",-17364.636225211
"117.3",500,20,"WOA",-17330.2267920827
"117.4",500,20,"WOA",-17333.7024866136
"117.5",500,20,"WOA",-17842.1891428195
"117.6",500,20,"WOA",-17477.8269832461
"117.7",500,20,"WOA",-17226.6953998735
"117.8",500,20,"WOA",-17345.828765749
"117.9",500,20,"WOA",-17686.7612799229
"118",750,20,"WOA",-17412.9051047659
"118.1",750,20,"WOA",-17538.9402247888
"118.2",750,20,"WOA",-17408.3473440639
"118.3",750,20,"WOA",-17608.4974887776
"118.4",750,20,"WOA",-17065.878331948
"118.5",750,20,"WOA",-17158.3490386747
"118.6",750,20,"WOA",-17021.6780763548
"118.7",750,20,"WOA",-17267.443943061
"118.8",750,20,"WOA",-17278.2681574698
"118.9",750,20,"WOA",-17208.0913569013
"119",1000,20,"WOA",-17232.936586765
"119.1",1000,20,"WOA",-16930.1246586581
"119.2",1000,20,"WOA",-16974.9338839429
"119.3",1000,20,"WOA",-16934.5271791153
"119.4",1000,20,"WOA",-16996.4151164301
"119.5",1000,20,"WOA",-17022.724710017
"119.6",1000,20,"WOA",-16996.3633526282
"119.7",1000,20,"WOA",-16895.9166997825
"119.8",1000,20,"WOA",-17072.8431943979
"119.9",1000,20,"WOA",-16963.4253185628
"120",2000,20,"WOA",-16838.3626548393
"120.1",2000,20,"WOA",-16798.6767500595
"120.2",2000,20,"WOA",-16799.1699234256
"120.3",2000,20,"WOA",-16816.2509189465
"120.4",2000,20,"WOA",-16853.7111740665
"120.5",2000,20,"WOA",-16810.2513064911
"120.6",2000,20,"WOA",-16780.0841110832
"120.7",2000,20,"WOA",-16801.5398265363
"120.8",2000,20,"WOA",-16789.1178242331
"120.9",2000,20,"WOA",-16849.6817125482
"121",100,50,"WOA",-18215.4356877037
"121.1",100,50,"WOA",-18842.6197346741
"121.2",100,50,"WOA",-18183.511062965
"121.3",100,50,"WOA",-18432.181783717
"121.4",100,50,"WOA",-18416.4235740564
"121.5",100,50,"WOA",-18250.6365604446
"121.6",100,50,"WOA",-17898.4567214245
"121.7",100,50,"WOA",-18170.9229704318
"121.8",100,50,"WOA",-18069.9262034106
"121.9",100,50,"WOA",-17964.2631795643
"122",250,50,"WOA",-17544.5206013935
"122.1",250,50,"WOA",-17242.5151518438
"122.2",250,50,"WOA",-17297.1252998654
"122.3",250,50,"WOA",-17069.944619192
"122.4",250,50,"WOA",-17613.4580808714
"122.5",250,50,"WOA",-17365.0488559314
"122.6",250,50,"WOA",-17095.3376221125
"122.7",250,50,"WOA",-17086.2955855148
"122.8",250,50,"WOA",-17063.472232394
"122.9",250,50,"WOA",-17092.1990024188
"123",500,50,"WOA",-16806.2015599838
"123.1",500,50,"WOA",-16874.6497776535
"123.2",500,50,"WOA",-17080.8170868371
"123.3",500,50,"WOA",-17386.0921926287
"123.4",500,50,"WOA",-17202.7992790097
"123.5",500,50,"WOA",-17144.4879450597
"123.6",500,50,"WOA",-16866.122537994
"123.7",500,50,"WOA",-16960.5604971222
"123.8",500,50,"WOA",-16889.3279156662
"123.9",500,50,"WOA",-16798.9123665827
"124",750,50,"WOA",-16763.6876299578
"124.1",750,50,"WOA",-16784.0033384471
"124.2",750,50,"WOA",-16826.1369406304
"124.3",750,50,"WOA",-16945.6289908454
"124.4",750,50,"WOA",-16837.3808747089
"124.5",750,50,"WOA",-16798.3275324843
"124.6",750,50,"WOA",-16792.0690208821
"124.7",750,50,"WOA",-16854.7909029288
"124.8",750,50,"WOA",-16802.2819390323
"124.9",750,50,"WOA",-16846.2104330905
"125",1000,50,"WOA",-17059.017154592
"125.1",1000,50,"WOA",-16782.3941357812
"125.2",1000,50,"WOA",-16761.6784073856
"125.3",1000,50,"WOA",-16841.2968431638
"125.4",1000,50,"WOA",-16798.6537774529
"125.5",1000,50,"WOA",-17029.031133144
"125.6",1000,50,"WOA",-16965.954484982
"125.7",1000,50,"WOA",-16947.2035175987
"125.8",1000,50,"WOA",-16791.2107695166
"125.9",1000,50,"WOA",-16749.5982010594
"126",2000,50,"WOA",-16735.1894327679
"126.1",2000,50,"WOA",-16732.4416807118
"126.2",2000,50,"WOA",-16744.5486009123
"126.3",2000,50,"WOA",-16752.1260859919
"126.4",2000,50,"WOA",-16731.9462019855
"126.5",2000,50,"WOA",-16758.2979650345
"126.6",2000,50,"WOA",-16817.3893091847
"126.7",2000,50,"WOA",-16739.6060512854
"126.8",2000,50,"WOA",-16777.998915151
"126.9",2000,50,"WOA",-16747.0601637874
"127",100,75,"WOA",-17370.5178016287
"127.1",100,75,"WOA",-17616.8617770534
"127.2",100,75,"WOA",-17532.8375700853
"127.3",100,75,"WOA",-17931.2984051262
"127.4",100,75,"WOA",-17723.608458166
"127.5",100,75,"WOA",-17424.274150993
"127.6",100,75,"WOA",-17924.5592066519
"127.7",100,75,"WOA",-17762.7535242922
"127.8",100,75,"WOA",-17725.3844464537
"127.9",100,75,"WOA",-17935.7211646075
"128",250,75,"WOA",-17002.3600265394
"128.1",250,75,"WOA",-16866.9741339848
"128.2",250,75,"WOA",-16887.2668367755
"128.3",250,75,"WOA",-17058.6453839616
"128.4",250,75,"WOA",-17495.6318026159
"128.5",250,75,"WOA",-17114.8885188014
"128.6",250,75,"WOA",-16979.7445534985
"128.7",250,75,"WOA",-17422.0558642782
"128.8",250,75,"WOA",-17366.3561973089
"128.9",250,75,"WOA",-17287.8362293256
"129",500,75,"WOA",-16927.3647617842
"129.1",500,75,"WOA",-17016.0527507808
"129.2",500,75,"WOA",-16803.2134284035
"129.3",500,75,"WOA",-17040.7872761309
"129.4",500,75,"WOA",-16800.8838513757
"129.5",500,75,"WOA",-16815.0038745325
"129.6",500,75,"WOA",-16804.2779843909
"129.7",500,75,"WOA",-16782.3014642715
"129.8",500,75,"WOA",-16775.8790229496
"129.9",500,75,"WOA",-16969.7139183087
"130",750,75,"WOA",-16869.2802664574
"130.1",750,75,"WOA",-16785.2703740416
"130.2",750,75,"WOA",-16773.380669571
"130.3",750,75,"WOA",-16767.4673154066
"130.4",750,75,"WOA",-16736.8677490345
"130.5",750,75,"WOA",-16783.6721765353
"130.6",750,75,"WOA",-16754.0467743653
"130.7",750,75,"WOA",-16764.0863042104
"130.8",750,75,"WOA",-16772.8018301591
"130.9",750,75,"WOA",-16758.7498146908
"131",1000,75,"WOA",-16756.4534223504
"131.1",1000,75,"WOA",-16849.5393685874
"131.2",1000,75,"WOA",-16736.0919676003
"131.3",1000,75,"WOA",-16799.7575256572
"131.4",1000,75,"WOA",-16786.8513701026
"131.5",1000,75,"WOA",-16760.8381233853
"131.6",1000,75,"WOA",-16952.3971483461
"131.7",1000,75,"WOA",-16749.8249694311
"131.8",1000,75,"WOA",-16740.4823332016
"131.9",1000,75,"WOA",-16834.7843020597
"132",2000,75,"WOA",-16743.4550747143
"132.1",2000,75,"WOA",-16730.9566509952
"132.2",2000,75,"WOA",-16734.7140098178
"132.3",2000,75,"WOA",-16727.761784662
"132.4",2000,75,"WOA",-16732.3854695137
"132.5",2000,75,"WOA",-16743.21063872
"132.6",2000,75,"WOA",-16734.2232836586
"132.7",2000,75,"WOA",-16763.6780917352
"132.8",2000,75,"WOA",-16728.4880428304
"132.9",2000,75,"WOA",-16731.7306782784
"133",100,100,"WOA",-17517.7580828554
"133.1",100,100,"WOA",-17421.1446727025
"133.2",100,100,"WOA",-17504.725347547
"133.3",100,100,"WOA",-17486.3366189363
"133.4",100,100,"WOA",-17570.2560332357
"133.5",100,100,"WOA",-17599.0188308507
"133.6",100,100,"WOA",-17333.3288720097
"133.7",100,100,"WOA",-17181.7961024524
"133.8",100,100,"WOA",-17324.7578989741
"133.9",100,100,"WOA",-17625.9814850561
"134",250,100,"WOA",-17215.1587242824
"134.1",250,100,"WOA",-16843.6799537201
"134.2",250,100,"WOA",-16827.3601897279
"134.3",250,100,"WOA",-16850.9606444136
"134.4",250,100,"WOA",-16887.7407323225
"134.5",250,100,"WOA",-16903.3414662719
"134.6",250,100,"WOA",-16864.8399330974
"134.7",250,100,"WOA",-17287.8246871188
"134.8",250,100,"WOA",-16892.8956408488
"134.9",250,100,"WOA",-16862.6856473018
"135",500,100,"WOA",-16773.2314676562
"135.1",500,100,"WOA",-16778.8936813132
"135.2",500,100,"WOA",-16806.9623955672
"135.3",500,100,"WOA",-16769.0035160054
"135.4",500,100,"WOA",-16757.5455739825
"135.5",500,100,"WOA",-16759.5235104384
"135.6",500,100,"WOA",-16789.0230191615
"135.7",500,100,"WOA",-17036.2606570781
"135.8",500,100,"WOA",-16976.4643658224
"135.9",500,100,"WOA",-16841.7878171834
"136",750,100,"WOA",-16764.5940323105
"136.1",750,100,"WOA",-16805.625675107
"136.2",750,100,"WOA",-16772.9570891592
"136.3",750,100,"WOA",-16756.2251993535
"136.4",750,100,"WOA",-16760.6407383532
"136.5",750,100,"WOA",-16759.5805942603
"136.6",750,100,"WOA",-16755.2191620783
"136.7",750,100,"WOA",-17087.6755124222
"136.8",750,100,"WOA",-16746.5145406727
"136.9",750,100,"WOA",-16781.112092105
"137",1000,100,"WOA",-16769.491299357
"137.1",1000,100,"WOA",-16765.4880861002
"137.2",1000,100,"WOA",-16756.6716014982
"137.3",1000,100,"WOA",-16751.4691717663
"137.4",1000,100,"WOA",-16784.7120330241
"137.5",1000,100,"WOA",-16745.7072810859
"137.6",1000,100,"WOA",-16782.6989335178
"137.7",1000,100,"WOA",-16784.1578566443
"137.8",1000,100,"WOA",-16745.1038741903
"137.9",1000,100,"WOA",-16746.9577300496
"138",2000,100,"WOA",-16756.7560743928
"138.1",2000,100,"WOA",-16728.629012783
"138.2",2000,100,"WOA",-16757.5769753767
"138.3",2000,100,"WOA",-16840.2806782575
"138.4",2000,100,"WOA",-16778.4748151471
"138.5",2000,100,"WOA",-16763.6351620792
"138.6",2000,100,"WOA",-16749.3504632212
"138.7",2000,100,"WOA",-16744.5670050948
"138.8",2000,100,"WOA",-16766.3171871928
"138.9",2000,100,"WOA",-16733.916844669
"139",100,200,"WOA",-17038.3257940831
"139.1",100,200,"WOA",-17082.0588644119
"139.2",100,200,"WOA",-16946.6784488052
"139.3",100,200,"WOA",-17098.1579406997
"139.4",100,200,"WOA",-16929.933880877
"139.5",100,200,"WOA",-17115.1184463522
"139.6",100,200,"WOA",-16925.0160130267
"139.7",100,200,"WOA",-16887.0394723344
"139.8",100,200,"WOA",-16880.1350926938
"139.9",100,200,"WOA",-16909.8431305951
"140",250,200,"WOA",-16770.8839782513
"140.1",250,200,"WOA",-16766.232377174
"140.2",250,200,"WOA",-16876.3802066851
"140.3",250,200,"WOA",-16778.2318913809
"140.4",250,200,"WOA",-16766.2518974016
"140.5",250,200,"WOA",-16774.8866251325
"140.6",250,200,"WOA",-16779.5256960834
"140.7",250,200,"WOA",-16759.3871412953
"140.8",250,200,"WOA",-16817.0954029938
"140.9",250,200,"WOA",-16781.2298574935
"141",500,200,"WOA",-16754.2899199388
"141.1",500,200,"WOA",-16770.0301607857
"141.2",500,200,"WOA",-16766.2347405094
"141.3",500,200,"WOA",-16746.2286536283
"141.4",500,200,"WOA",-16738.2396069538
"141.5",500,200,"WOA",-16747.998416677
"141.6",500,200,"WOA",-16749.3905205059
"141.7",500,200,"WOA",-16749.4571996298
"141.8",500,200,"WOA",-16757.8092659548
"141.9",500,200,"WOA",-16742.7547887716
"142",750,200,"WOA",-16759.8993589287
"142.1",750,200,"WOA",-16730.932395504
"142.2",750,200,"WOA",-16753.1300280885
"142.3",750,200,"WOA",-16768.7856661184
"142.4",750,200,"WOA",-16744.8497919541
"142.5",750,200,"WOA",-16764.0616957417
"142.6",750,200,"WOA",-16737.0776641822
"142.7",750,200,"WOA",-16757.8053433085
"142.8",750,200,"WOA",-16760.8049080657
"142.9",750,200,"WOA",-16730.0497331879
"143",1000,200,"WOA",-16733.9081438365
"143.1",1000,200,"WOA",-16745.1632735409
"143.2",1000,200,"WOA",-16731.7628725614
"143.3",1000,200,"WOA",-16750.4920056105
"143.4",1000,200,"WOA",-16756.4764305006
"143.5",1000,200,"WOA",-16748.8458633887
"143.6",1000,200,"WOA",-16734.9726741635
"143.7",1000,200,"WOA",-16748.9920771457
"143.8",1000,200,"WOA",-16734.570280442
"143.9",1000,200,"WOA",-16728.3406231492
"144",2000,200,"WOA",-16725.4521036365
"144.1",2000,200,"WOA",-16727.4367898281
"144.2",2000,200,"WOA",-16726.0183931901
"144.3",2000,200,"WOA",-16725.8023006337
"144.4",2000,200,"WOA",-16725.5854646688
"144.5",2000,200,"WOA",-16726.2528505653
"144.6",2000,200,"WOA",-16726.5723873292
"144.7",2000,200,"WOA",-16733.5225786872
"144.8",2000,200,"WOA",-16726.2647078316
"144.9",2000,200,"WOA",-16726.558330006
